TF_id	target_id	TF_name	target_name	in_fimo	cor_agreement
Mp1g10310.1	Mp1g04480.1	CDC5	HD1	FALSE	pos
Mp1g16790.1	Mp1g01960.1	TRIHELIX1	Mp1g01960.1	FALSE	pos
Mp1g20490.1	Mp1g03100.1	GRAS1	TRIHELIX26	FALSE	opposite
Mp1g24520.1	Mp1g23310.1	4R-MYB1	TRIHELIX22	FALSE	pos
Mp1g24950.1	Mp1g08660.1	WRKY11	NFX1-1	FALSE	opposite
Mp1g24950.1	Mp1g12750.1	WRKY11	ARF1	FALSE	pos
Mp2g03850.1	Mp1g03950.1	GRAS4	GATA2	FALSE	pos
Mp2g07170.1	Mp1g11660.1	BZIP4	HD6	TRUE	pos
Mp2g07170.1	Mp1g13260.1	BZIP4	BZR2	TRUE	pos
Mp2g10620.1	Mp1g09420.1	Mp2g10620.1	R2R3-MYB17	FALSE	pos
Mp2g11080.1	Mp1g03100.1	ERF4	TRIHELIX26	FALSE	pos
Mp2g11080.1	Mp1g09040.1	ERF4	Mp1g09040.1	FALSE	pos
Mp2g11080.1	Mp1g13260.1	ERF4	BZR2	FALSE	pos
Mp2g11220.1	Mp1g16790.1	1R-MYB9	TRIHELIX1	FALSE	opposite
Mp2g12760.1	Mp2g12750.1	ERF6	ERF5	FALSE	pos
Mp2g20790.1	Mp1g08890.1	DOF1	WRKY5	FALSE	opposite
Mp2g20790.1	Mp1g24950.1	DOF1	WRKY11	FALSE	pos
Mp2g20790.1	Mp2g13330.1	DOF1	BZIP8	FALSE	opposite
Mp2g22250.1	Mp1g24950.1	AP2B3-1	WRKY11	FALSE	pos
Mp2g23600.1	Mp1g10030.1	ABI5A/BZIP11	Mp1g10030.1	FALSE	pos
Mp2g23600.1	Mp2g07170.1	ABI5A/BZIP11	BZIP4	TRUE	pos
Mp2g24110.1	Mp1g10030.1	C2H2-10	Mp1g10030.1	FALSE	pos
Mp2g24110.1	Mp1g13260.1	C2H2-10	BZR2	FALSE	pos
Mp2g24110.1	Mp1g24520.1	C2H2-10	4R-MYB1	FALSE	pos
Mp2g24110.1	Mp2g07170.1	C2H2-10	BZIP4	FALSE	pos
Mp2g24110.1	Mp2g20790.1	C2H2-10	DOF1	FALSE	opposite
Mp2g25260.1	Mp1g03950.1	CCAAT-NFYC3	GATA2	FALSE	neg
Mp2g25260.1	Mp2g20790.1	CCAAT-NFYC3	DOF1	FALSE	neg
Mp2g25420.1	Mp1g19590.1	Mp2g25420.1	TCP2	FALSE	pos
Mp2g25840.1	Mp1g19590.1	Mp2g25840.1	TCP2	FALSE	pos
Mp2g25840.1	Mp2g02280.1	Mp2g25840.1	TRIHELIX30	FALSE	pos
Mp3g00010.1	Mp1g08660.1	WRKY1	NFX1-1	TRUE	opposite
Mp3g00010.1	Mp1g12750.1	WRKY1	ARF1	TRUE	pos
Mp3g00010.1	Mp1g24950.1	WRKY1	WRKY11	FALSE	pos
Mp3g00010.1	Mp2g20790.1	WRKY1	DOF1	FALSE	pos
Mp3g00010.1	Mp2g22250.1	WRKY1	AP2B3-1	TRUE	pos
Mp3g00360.1	Mp1g04480.1	1R-MYB2	HD1	FALSE	opposite
Mp3g01640.1	Mp1g01110.1	Mp3g01640.1	BHLH33	FALSE	opposite
Mp3g01640.1	Mp1g12750.1	Mp3g01640.1	ARF1	FALSE	opposite
Mp3g01640.1	Mp1g24950.1	Mp3g01640.1	WRKY11	FALSE	opposite
Mp3g01640.1	Mp2g20790.1	Mp3g01640.1	DOF1	FALSE	opposite
Mp3g01640.1	Mp3g00010.1	Mp3g01640.1	WRKY1	FALSE	opposite
Mp3g02830.1	Mp1g11660.1	R2R3-MYB4	HD6	FALSE	pos
Mp3g02830.1	Mp1g24950.1	R2R3-MYB4	WRKY11	FALSE	opposite
Mp3g02830.1	Mp2g07170.1	R2R3-MYB4	BZIP4	FALSE	pos
Mp3g02830.1	Mp2g13330.1	R2R3-MYB4	BZIP8	FALSE	pos
Mp3g02830.1	Mp2g20790.1	R2R3-MYB4	DOF1	FALSE	opposite
Mp3g02830.1	Mp2g23600.1	R2R3-MYB4	ABI5A/BZIP11	FALSE	pos
Mp3g02830.1	Mp2g26400.1	R2R3-MYB4	BHLH49	FALSE	pos
Mp3g02830.1	Mp3g00010.1	R2R3-MYB4	WRKY1	FALSE	opposite
Mp3g02830.1	Mp3g01640.1	R2R3-MYB4	Mp3g01640.1	FALSE	neg
Mp3g04030.1	Mp2g20790.1	Mp3g04030.1	DOF1	FALSE	opposite
Mp3g04030.1	Mp2g25260.1	Mp3g04030.1	CCAAT-NFYC3	FALSE	opposite
Mp3g05000.1	Mp3g04030.1	1R-MYB8	Mp3g04030.1	FALSE	opposite
Mp3g07610.1	Mp2g11520.1	Mp3g07610.1	CXC1	FALSE	opposite
Mp3g10830.1	Mp3g00360.1	TRIHELIX15	1R-MYB2	FALSE	opposite
Mp3g10970.1	Mp1g03950.1	TRIHELIX14	GATA2	FALSE	opposite
Mp3g10970.1	Mp3g07610.1	TRIHELIX14	Mp3g07610.1	FALSE	pos
Mp3g12980.1	Mp3g01640.1	ASLBD24	Mp3g01640.1	FALSE	neg
Mp3g19510.2	Mp1g04480.1	SRS (1) [.2]	HD1	FALSE	pos
Mp3g19510.2	Mp2g10620.1	SRS (1) [.2]	Mp2g10620.1	FALSE	pos
Mp3g19510.2	Mp2g24110.1	SRS (1) [.2]	C2H2-10	FALSE	opposite
Mp3g19510.2	Mp3g04970.1	SRS (1) [.2]	GARP1	FALSE	pos
Mp3g19670.1	Mp3g10830.1	BBX3	TRIHELIX15	FALSE	pos
Mp3g21490.1	Mp2g20790.1	C2H2-14	DOF1	FALSE	pos
Mp3g25200.1	Mp2g13330.1	BHLH41	BZIP8	FALSE	opposite
Mp4g01540.1	Mp1g09500.1	BHLH10	IDDL6	FALSE	pos
Mp4g02060.1	Mp1g24520.1	HD15	4R-MYB1	FALSE	pos
Mp4g02060.1	Mp2g11080.1	HD15	ERF4	FALSE	pos
Mp4g02060.1	Mp3g00360.1	HD15	1R-MYB2	FALSE	pos
Mp4g02620.1	Mp2g25260.1	ASLBD9	CCAAT-NFYC3	FALSE	pos
Mp4g02620.1	Mp3g04030.1	ASLBD9	Mp3g04030.1	FALSE	opposite
Mp4g02620.1	Mp3g05000.1	ASLBD9	1R-MYB8	FALSE	neg
Mp4g06170.1	Mp1g12750.1	BHLH23	ARF1	FALSE	pos
Mp4g06490.1	Mp1g06180.1	RR-MYB4	TRIHELIX18	FALSE	pos
Mp4g07330.1	Mp1g13260.1	GARP4	BZR2	TRUE	pos
Mp4g07330.1	Mp1g24520.1	GARP4	4R-MYB1	TRUE	pos
Mp4g07330.1	Mp2g20790.1	GARP4	DOF1	FALSE	opposite
Mp4g07330.1	Mp2g24110.1	GARP4	C2H2-10	FALSE	pos
Mp4g07330.1	Mp4g02060.1	GARP4	HD15	TRUE	pos
Mp4g08690.1	Mp1g03950.1	Mp4g08690.1	GATA2	FALSE	opposite
Mp4g08690.1	Mp1g10330.1	Mp4g08690.1	1R-MYB6	FALSE	pos
Mp4g08690.1	Mp1g24950.1	Mp4g08690.1	WRKY11	FALSE	opposite
Mp4g08690.1	Mp2g11080.1	Mp4g08690.1	ERF4	FALSE	pos
Mp4g08690.1	Mp2g24110.1	Mp4g08690.1	C2H2-10	FALSE	pos
Mp4g08690.1	Mp4g02060.1	Mp4g08690.1	HD15	FALSE	pos
Mp4g08690.1	Mp4g07330.1	Mp4g08690.1	GARP4	FALSE	pos
Mp4g08700.1	Mp1g12750.1	GARP2	ARF1	FALSE	pos
Mp4g08700.1	Mp2g22250.1	GARP2	AP2B3-1	FALSE	pos
Mp4g08700.1	Mp4g01540.1	GARP2	BHLH10	FALSE	pos
Mp4g11760.1	Mp2g25260.1	MADS2	CCAAT-NFYC3	TRUE	opposite
Mp4g11760.1	Mp4g02620.1	MADS2	ASLBD9	TRUE	opposite
Mp4g11820.1	Mp1g12750.1	ARF2	ARF1	FALSE	pos
Mp4g11820.1	Mp1g24950.1	ARF2	WRKY11	TRUE	pos
Mp4g11820.1	Mp2g02150.1	ARF2	TRIHELIX29	TRUE	opposite
Mp4g11820.1	Mp2g22250.1	ARF2	AP2B3-1	FALSE	pos
Mp4g11820.1	Mp3g00010.1	ARF2	WRKY1	FALSE	pos
Mp4g11820.1	Mp3g01640.1	ARF2	Mp3g01640.1	TRUE	opposite
Mp4g11820.1	Mp4g08700.1	ARF2	GARP2	FALSE	pos
Mp4g12230.1	Mp4g11820.1	HSF1	ARF2	TRUE	pos
Mp4g12420.1	Mp2g25840.1	BHLH44	Mp2g25840.1	FALSE	pos
Mp4g12490.1	Mp1g11660.1	MADS1	HD6	FALSE	pos
Mp4g13880.1	Mp3g01640.1	Mp4g13880.1	Mp3g01640.1	FALSE	opposite
Mp4g13880.1	Mp4g06170.1	Mp4g13880.1	BHLH23	FALSE	pos
Mp4g15170.1	Mp1g01110.1	GARP6	BHLH33	FALSE	pos
Mp4g15170.1	Mp1g08660.1	GARP6	NFX1-1	TRUE	opposite
Mp4g15170.1	Mp1g24950.1	GARP6	WRKY11	FALSE	pos
Mp4g15170.1	Mp2g13330.1	GARP6	BZIP8	FALSE	opposite
Mp4g15170.1	Mp3g00010.1	GARP6	WRKY1	FALSE	pos
Mp4g15170.1	Mp3g01640.1	GARP6	Mp3g01640.1	TRUE	opposite
Mp4g15170.1	Mp3g02830.1	GARP6	R2R3-MYB4	TRUE	opposite
Mp4g15170.1	Mp3g12980.1	GARP6	ASLBD24	FALSE	opposite
Mp4g15170.1	Mp3g21490.1	GARP6	C2H2-14	FALSE	pos
Mp4g15240.1	Mp3g04970.1	TRIHELIX27	GARP1	FALSE	pos
Mp4g20600.1	Mp1g13260.1	RRB	BZR2	FALSE	opposite
Mp4g20600.1	Mp2g02280.1	RRB	TRIHELIX30	FALSE	pos
Mp4g20600.1	Mp2g25260.1	RRB	CCAAT-NFYC3	FALSE	neg
Mp4g20600.1	Mp3g00360.1	RRB	1R-MYB2	FALSE	opposite
Mp4g20600.1	Mp3g10830.1	RRB	TRIHELIX15	FALSE	pos
Mp4g20600.1	Mp3g19670.1	RRB	BBX3	FALSE	pos
Mp4g21220.1	Mp1g11660.1	GARP7	HD6	FALSE	pos
Mp4g21220.1	Mp2g07170.1	GARP7	BZIP4	TRUE	pos
Mp4g21300.1	Mp2g02150.1	1R-MYB17	TRIHELIX29	FALSE	neg
Mp4g21300.1	Mp3g07610.1	1R-MYB17	Mp3g07610.1	FALSE	neg
Mp4g21300.1	Mp4g11030.1	1R-MYB17	Mp4g11030.1	FALSE	pos
Mp4g21790.1	Mp1g13260.1	R2R3-MYB20	BZR2	FALSE	pos
Mp4g21790.1	Mp1g24520.1	R2R3-MYB20	4R-MYB1	FALSE	pos
Mp4g21790.1	Mp2g11080.1	R2R3-MYB20	ERF4	FALSE	pos
Mp4g21790.1	Mp2g24110.1	R2R3-MYB20	C2H2-10	FALSE	pos
Mp4g21790.1	Mp4g02060.1	R2R3-MYB20	HD15	FALSE	pos
Mp4g21790.1	Mp4g07330.1	R2R3-MYB20	GARP4	FALSE	pos
Mp4g21790.1	Mp4g08690.1	R2R3-MYB20	Mp4g08690.1	FALSE	pos
Mp5g00110.1	Mp3g20990.1	Mp5g00110.1	DEL1	FALSE	pos
Mp5g01600.1	Mp1g26740.1	HD20	TRIHELIX5	FALSE	pos
Mp5g01600.1	Mp2g25260.1	HD20	CCAAT-NFYC3	FALSE	opposite
Mp5g01600.1	Mp4g12420.1	HD20	BHLH44	FALSE	opposite
Mp5g08810.1	Mp1g24950.1	TRIHELIX23	WRKY11	FALSE	opposite
Mp5g08810.1	Mp2g03850.1	TRIHELIX23	GRAS4	FALSE	opposite
Mp5g08810.1	Mp2g20790.1	TRIHELIX23	DOF1	FALSE	opposite
Mp5g08810.1	Mp2g24110.1	TRIHELIX23	C2H2-10	FALSE	pos
Mp5g08810.1	Mp3g00010.1	TRIHELIX23	WRKY1	FALSE	opposite
Mp5g08810.1	Mp3g02830.1	TRIHELIX23	R2R3-MYB4	FALSE	pos
Mp5g08810.1	Mp4g07330.1	TRIHELIX23	GARP4	FALSE	pos
Mp5g08810.1	Mp4g08690.1	TRIHELIX23	Mp4g08690.1	FALSE	pos
Mp5g08810.1	Mp4g21790.1	TRIHELIX23	R2R3-MYB20	FALSE	pos
Mp5g09660.1	Mp1g24950.1	Mp5g09660.1	WRKY11	FALSE	opposite
Mp5g09660.1	Mp2g02150.1	Mp5g09660.1	TRIHELIX29	FALSE	neg
Mp5g09660.1	Mp3g07610.1	Mp5g09660.1	Mp3g07610.1	FALSE	neg
Mp5g09660.1	Mp3g10970.1	Mp5g09660.1	TRIHELIX14	FALSE	neg
Mp5g09660.1	Mp4g11030.1	Mp5g09660.1	Mp4g11030.1	FALSE	pos
Mp5g09660.1	Mp4g21300.1	Mp5g09660.1	1R-MYB17	FALSE	pos
Mp5g10280.1	Mp3g10830.1	AP2L3	TRIHELIX15	FALSE	pos
Mp5g11100.1	Mp2g11520.1	AP2B3-2	CXC1	FALSE	opposite
Mp5g11100.1	Mp3g07610.1	AP2B3-2	Mp3g07610.1	FALSE	pos
Mp5g11100.1	Mp4g07330.1	AP2B3-2	GARP4	FALSE	pos
Mp5g11100.1	Mp4g08690.1	AP2B3-2	Mp4g08690.1	FALSE	pos
Mp5g11100.1	Mp5g08810.1	AP2B3-2	TRIHELIX23	FALSE	pos
Mp5g11830.1	Mp1g26740.1	RR-MYB5	TRIHELIX5	FALSE	pos
Mp5g12480.1	Mp1g13740.1	ERF18	CCAAT-NFYA	TRUE	pos
Mp5g13060.1	Mp2g25260.1	R2R3-MYB19	CCAAT-NFYC3	FALSE	pos
Mp5g13060.1	Mp4g02620.1	R2R3-MYB19	ASLBD9	FALSE	pos
Mp5g13060.1	Mp4g11760.1	R2R3-MYB19	MADS2	FALSE	opposite
Mp5g13160.1	Mp2g02280.1	HD10	TRIHELIX30	FALSE	pos
Mp5g14610.1	Mp1g11660.1	R2R3-MYB9	HD6	TRUE	opposite
Mp5g14610.1	Mp2g07170.1	R2R3-MYB9	BZIP4	FALSE	opposite
Mp5g14610.1	Mp2g23600.1	R2R3-MYB9	ABI5A/BZIP11	FALSE	opposite
Mp5g14610.1	Mp3g02830.1	R2R3-MYB9	R2R3-MYB4	FALSE	opposite
Mp5g20530.1	Mp1g10030.1	IDDL3	Mp1g10030.1	TRUE	pos
Mp5g20530.1	Mp1g11660.1	IDDL3	HD6	TRUE	pos
Mp5g20530.1	Mp1g13260.1	IDDL3	BZR2	TRUE	pos
Mp5g20530.1	Mp2g07170.1	IDDL3	BZIP4	TRUE	pos
Mp5g20530.1	Mp2g23600.1	IDDL3	ABI5A/BZIP11	FALSE	pos
Mp5g20530.1	Mp2g24110.1	IDDL3	C2H2-10	TRUE	pos
Mp5g20530.1	Mp2g25260.1	IDDL3	CCAAT-NFYC3	TRUE	opposite
Mp5g20530.1	Mp3g02830.1	IDDL3	R2R3-MYB4	FALSE	pos
Mp5g20530.1	Mp4g07330.1	IDDL3	GARP4	FALSE	pos
Mp5g20530.1	Mp4g15170.1	IDDL3	GARP6	FALSE	opposite
Mp5g20530.1	Mp4g20600.1	IDDL3	RRB	TRUE	opposite
Mp5g20530.1	Mp5g08810.1	IDDL3	TRIHELIX23	TRUE	pos
Mp5g20530.1	Mp5g14610.1	IDDL3	R2R3-MYB9	TRUE	opposite
Mp5g20660.1	Mp1g04480.1	GRAS6	HD1	FALSE	pos
Mp5g20660.1	Mp1g13260.1	GRAS6	BZR2	FALSE	opposite
Mp5g20660.1	Mp1g16790.1	GRAS6	TRIHELIX1	FALSE	neg
Mp5g20660.1	Mp3g00360.1	GRAS6	1R-MYB2	FALSE	opposite
Mp5g20660.1	Mp3g04030.1	GRAS6	Mp3g04030.1	FALSE	opposite
Mp5g20660.1	Mp3g10830.1	GRAS6	TRIHELIX15	FALSE	pos
Mp5g20660.1	Mp4g20600.1	GRAS6	RRB	FALSE	pos
Mp5g21080.1	Mp1g06180.1	ASLBD7	TRIHELIX18	TRUE	opposite
Mp5g21080.1	Mp2g20790.1	ASLBD7	DOF1	TRUE	pos
Mp5g21080.1	Mp5g01600.1	ASLBD7	HD20	FALSE	opposite
Mp6g03920.1	Mp3g12980.1	BZIP9	ASLBD24	FALSE	opposite
Mp6g04880.1	Mp2g20790.1	ERF7	DOF1	TRUE	pos
Mp6g05720.1	Mp1g10030.1	Mp6g05720.1	Mp1g10030.1	FALSE	pos
Mp6g05720.1	Mp1g13260.1	Mp6g05720.1	BZR2	FALSE	pos
Mp6g05720.1	Mp2g07170.1	Mp6g05720.1	BZIP4	FALSE	pos
Mp6g05720.1	Mp2g20790.1	Mp6g05720.1	DOF1	FALSE	opposite
Mp6g05720.1	Mp2g24110.1	Mp6g05720.1	C2H2-10	FALSE	pos
Mp6g05720.1	Mp3g02830.1	Mp6g05720.1	R2R3-MYB4	FALSE	pos
Mp6g05720.1	Mp3g25200.1	Mp6g05720.1	BHLH41	FALSE	opposite
Mp6g05720.1	Mp4g07330.1	Mp6g05720.1	GARP4	FALSE	pos
Mp6g05720.1	Mp4g20600.1	Mp6g05720.1	RRB	FALSE	opposite
Mp6g05720.1	Mp4g21790.1	Mp6g05720.1	R2R3-MYB20	FALSE	pos
Mp6g05720.1	Mp5g14610.1	Mp6g05720.1	R2R3-MYB9	FALSE	opposite
Mp6g05720.1	Mp5g20530.1	Mp6g05720.1	IDDL3	FALSE	pos
Mp6g07410.1	Mp3g21490.1	Mp6g07410.1	C2H2-14	FALSE	opposite
Mp6g07410.1	Mp6g04430.1	Mp6g07410.1	Mp6g04430.1	FALSE	pos
Mp6g08290.1	Mp1g04480.1	ASLBD8	HD1	FALSE	neg
Mp6g08290.1	Mp2g20790.1	ASLBD8	DOF1	FALSE	neg
Mp6g08290.1	Mp2g25260.1	ASLBD8	CCAAT-NFYC3	FALSE	pos
Mp6g08290.1	Mp3g04030.1	ASLBD8	Mp3g04030.1	FALSE	opposite
Mp6g08290.1	Mp3g05000.1	ASLBD8	1R-MYB8	FALSE	neg
Mp6g08290.1	Mp3g25200.1	ASLBD8	BHLH41	FALSE	neg
Mp6g08290.1	Mp4g02620.1	ASLBD8	ASLBD9	FALSE	pos
Mp6g08290.1	Mp4g11760.1	ASLBD8	MADS2	FALSE	opposite
Mp6g08290.1	Mp4g20600.1	ASLBD8	RRB	FALSE	neg
Mp6g08290.1	Mp5g13060.1	ASLBD8	R2R3-MYB19	FALSE	pos
Mp6g08290.1	Mp5g20530.1	ASLBD8	IDDL3	FALSE	opposite
Mp6g08290.1	Mp5g21080.1	ASLBD8	ASLBD7	FALSE	neg
Mp6g08290.1	Mp6g05720.1	ASLBD8	Mp6g05720.1	FALSE	opposite
Mp6g10210.1	Mp2g25420.1	C2H2-4	Mp2g25420.1	FALSE	neg
Mp6g10210.1	Mp5g13160.1	C2H2-4	HD10	FALSE	neg
Mp6g15470.1	Mp1g03950.1	TRIHELIX20	GATA2	FALSE	opposite
Mp6g15470.1	Mp1g13260.1	TRIHELIX20	BZR2	FALSE	pos
Mp6g15470.1	Mp3g21490.1	TRIHELIX20	C2H2-14	FALSE	opposite
Mp6g15470.1	Mp4g07330.1	TRIHELIX20	GARP4	FALSE	pos
Mp6g15470.1	Mp5g08810.1	TRIHELIX20	TRIHELIX23	FALSE	pos
Mp6g15470.1	Mp5g20530.1	TRIHELIX20	IDDL3	FALSE	pos
Mp6g15470.1	Mp6g05720.1	TRIHELIX20	Mp6g05720.1	TRUE	pos
Mp6g17420.1	Mp1g03950.1	TRIHELIX37	GATA2	FALSE	opposite
Mp6g17420.1	Mp1g13260.1	TRIHELIX37	BZR2	FALSE	pos
Mp6g17420.1	Mp2g03850.1	TRIHELIX37	GRAS4	FALSE	opposite
Mp6g17420.1	Mp2g20790.1	TRIHELIX37	DOF1	FALSE	opposite
Mp6g17420.1	Mp2g25260.1	TRIHELIX37	CCAAT-NFYC3	FALSE	opposite
Mp6g17420.1	Mp3g00360.1	TRIHELIX37	1R-MYB2	FALSE	pos
Mp6g17420.1	Mp3g04030.1	TRIHELIX37	Mp3g04030.1	FALSE	neg
Mp6g17420.1	Mp3g10830.1	TRIHELIX37	TRIHELIX15	FALSE	opposite
Mp6g17420.1	Mp4g02060.1	TRIHELIX37	HD15	TRUE	pos
Mp6g17420.1	Mp4g07330.1	TRIHELIX37	GARP4	FALSE	pos
Mp6g17420.1	Mp4g08690.1	TRIHELIX37	Mp4g08690.1	FALSE	pos
Mp6g17420.1	Mp4g20600.1	TRIHELIX37	RRB	FALSE	opposite
Mp6g17420.1	Mp4g21790.1	TRIHELIX37	R2R3-MYB20	FALSE	pos
Mp6g17420.1	Mp5g08810.1	TRIHELIX37	TRIHELIX23	FALSE	pos
Mp6g17420.1	Mp5g20660.1	TRIHELIX37	GRAS6	TRUE	opposite
Mp6g17420.1	Mp6g05720.1	TRIHELIX37	Mp6g05720.1	FALSE	pos
Mp6g17420.1	Mp6g08290.1	TRIHELIX37	ASLBD8	FALSE	opposite
Mp6g18480.1	Mp3g21490.1	BHLH15	C2H2-14	FALSE	pos
Mp6g18860.1	Mp1g24950.1	CXC2	WRKY11	FALSE	pos
Mp6g18860.1	Mp2g20790.1	CXC2	DOF1	FALSE	pos
Mp6g18860.1	Mp4g22430.1	CXC2	1R-MYB7	FALSE	neg
Mp7g00650.1	Mp2g25260.1	ASLBD5	CCAAT-NFYC3	FALSE	pos
Mp7g00650.1	Mp3g04030.1	ASLBD5	Mp3g04030.1	FALSE	opposite
Mp7g00650.1	Mp4g02620.1	ASLBD5	ASLBD9	FALSE	pos
Mp7g00650.1	Mp4g11760.1	ASLBD5	MADS2	FALSE	opposite
Mp7g00650.1	Mp5g13060.1	ASLBD5	R2R3-MYB19	FALSE	pos
Mp7g00650.1	Mp6g08290.1	ASLBD5	ASLBD8	FALSE	pos
Mp7g03150.1	Mp1g13260.1	CAMTA	BZR2	FALSE	opposite
Mp7g03150.1	Mp2g02280.1	CAMTA	TRIHELIX30	FALSE	pos
Mp7g03150.1	Mp2g07170.1	CAMTA	BZIP4	FALSE	opposite
Mp7g03150.1	Mp2g25260.1	CAMTA	CCAAT-NFYC3	TRUE	neg
Mp7g03150.1	Mp3g19670.1	CAMTA	BBX3	FALSE	pos
Mp7g03150.1	Mp3g25200.1	CAMTA	BHLH41	FALSE	pos
Mp7g03150.1	Mp4g20600.1	CAMTA	RRB	FALSE	pos
Mp7g03150.1	Mp5g13160.1	CAMTA	HD10	FALSE	pos
Mp7g03150.1	Mp5g14610.1	CAMTA	R2R3-MYB9	FALSE	pos
Mp7g03150.1	Mp5g20660.1	CAMTA	GRAS6	TRUE	pos
Mp7g03150.1	Mp6g05720.1	CAMTA	Mp6g05720.1	FALSE	opposite
Mp7g03150.1	Mp6g08290.1	CAMTA	ASLBD8	FALSE	neg
Mp7g03150.1	Mp6g17420.1	CAMTA	TRIHELIX37	TRUE	opposite
Mp7g03490.1	Mp1g16800.1	GATA4	BZIP1	FALSE	pos
Mp7g03490.1	Mp5g13160.1	GATA4	HD10	FALSE	pos
Mp7g03490.1	Mp6g10210.1	GATA4	C2H2-4	TRUE	neg
Mp7g03700.1	Mp1g13260.1	B3-5	BZR2	FALSE	pos
Mp7g03700.1	Mp1g24520.1	B3-5	4R-MYB1	FALSE	pos
Mp7g03700.1	Mp1g24950.1	B3-5	WRKY11	FALSE	opposite
Mp7g03700.1	Mp2g20790.1	B3-5	DOF1	FALSE	opposite
Mp7g03700.1	Mp3g00360.1	B3-5	1R-MYB2	FALSE	pos
Mp7g03700.1	Mp3g19670.1	B3-5	BBX3	FALSE	opposite
Mp7g03700.1	Mp4g02060.1	B3-5	HD15	FALSE	pos
Mp7g03700.1	Mp4g07330.1	B3-5	GARP4	FALSE	pos
Mp7g03700.1	Mp4g08690.1	B3-5	Mp4g08690.1	FALSE	pos
Mp7g03700.1	Mp4g21790.1	B3-5	R2R3-MYB20	FALSE	pos
Mp7g03700.1	Mp5g08810.1	B3-5	TRIHELIX23	FALSE	pos
Mp7g03700.1	Mp5g11100.1	B3-5	AP2B3-2	FALSE	pos
Mp7g03700.1	Mp5g20530.1	B3-5	IDDL3	FALSE	pos
Mp7g03700.1	Mp6g05720.1	B3-5	Mp6g05720.1	FALSE	pos
Mp7g03700.1	Mp6g15470.1	B3-5	TRIHELIX20	FALSE	pos
Mp7g03700.1	Mp6g17420.1	B3-5	TRIHELIX37	FALSE	pos
Mp7g06280.1	Mp1g01960.1	Mp7g06280.1	Mp1g01960.1	FALSE	pos
Mp7g07550.1	Mp1g19590.1	IDDL4	TCP2	FALSE	pos
Mp7g07550.1	Mp2g24200.1	IDDL4	HD14	TRUE	pos
Mp7g07550.1	Mp2g25840.1	IDDL4	Mp2g25840.1	TRUE	pos
Mp7g09260.1	Mp3g10830.1	C2H2-9	TRIHELIX15	FALSE	pos
Mp7g09260.1	Mp5g10280.1	C2H2-9	AP2L3	FALSE	pos
Mp7g09260.1	Mp7g03490.1	C2H2-9	GATA4	FALSE	pos
Mp7g09490.1	Mp1g03950.1	TCP1	GATA2	FALSE	pos
Mp7g09490.1	Mp1g13260.1	TCP1	BZR2	FALSE	opposite
Mp7g09490.1	Mp2g07170.1	TCP1	BZIP4	TRUE	opposite
Mp7g09490.1	Mp2g20790.1	TCP1	DOF1	FALSE	pos
Mp7g09490.1	Mp2g24110.1	TCP1	C2H2-10	FALSE	opposite
Mp7g09490.1	Mp2g25260.1	TCP1	CCAAT-NFYC3	FALSE	neg
Mp7g09490.1	Mp3g02830.1	TCP1	R2R3-MYB4	FALSE	opposite
Mp7g09490.1	Mp3g04030.1	TCP1	Mp3g04030.1	TRUE	opposite
Mp7g09490.1	Mp3g05000.1	TCP1	1R-MYB8	FALSE	pos
Mp7g09490.1	Mp3g25200.1	TCP1	BHLH41	FALSE	pos
Mp7g09490.1	Mp4g07330.1	TCP1	GARP4	FALSE	opposite
Mp7g09490.1	Mp4g11760.1	TCP1	MADS2	FALSE	opposite
Mp7g09490.1	Mp4g15170.1	TCP1	GARP6	FALSE	pos
Mp7g09490.1	Mp4g20600.1	TCP1	RRB	FALSE	pos
Mp7g09490.1	Mp4g21790.1	TCP1	R2R3-MYB20	TRUE	opposite
Mp7g09490.1	Mp5g14610.1	TCP1	R2R3-MYB9	FALSE	pos
Mp7g09490.1	Mp5g20530.1	TCP1	IDDL3	TRUE	opposite
Mp7g09490.1	Mp5g20660.1	TCP1	GRAS6	FALSE	pos
Mp7g09490.1	Mp5g21080.1	TCP1	ASLBD7	FALSE	pos
Mp7g09490.1	Mp6g05720.1	TCP1	Mp6g05720.1	TRUE	opposite
Mp7g09490.1	Mp6g08290.1	TCP1	ASLBD8	FALSE	neg
Mp7g09490.1	Mp6g15470.1	TCP1	TRIHELIX20	FALSE	opposite
Mp7g09490.1	Mp6g17420.1	TCP1	TRIHELIX37	FALSE	opposite
Mp7g09490.1	Mp6g18860.1	TCP1	CXC2	FALSE	pos
Mp7g09490.1	Mp7g03150.1	TCP1	CAMTA	FALSE	pos
Mp7g09490.1	Mp7g03700.1	TCP1	B3-5	FALSE	opposite
Mp7g09740.1	Mp1g19590.1	GARP8	TCP2	FALSE	pos
Mp7g09740.1	Mp2g02280.1	GARP8	TRIHELIX30	FALSE	pos
Mp7g09740.1	Mp2g25840.1	GARP8	Mp2g25840.1	FALSE	pos
Mp7g09740.1	Mp3g09110.1	GARP8	Mp3g09110.1	FALSE	neg
Mp7g09740.1	Mp4g12420.1	GARP8	BHLH44	FALSE	pos
Mp7g09740.1	Mp4g20600.1	GARP8	RRB	FALSE	pos
Mp7g09740.1	Mp5g01600.1	GARP8	HD20	FALSE	opposite
Mp7g09740.1	Mp5g13160.1	GARP8	HD10	FALSE	pos
Mp7g09740.1	Mp7g03150.1	GARP8	CAMTA	FALSE	pos
Mp7g09740.1	Mp7g03490.1	GARP8	GATA4	FALSE	pos
Mp7g09740.1	Mp7g07550.1	GARP8	IDDL4	FALSE	pos
Mp7g11330.1	Mp2g25840.1	GARP5	Mp2g25840.1	FALSE	pos
Mp7g12630.1	Mp1g13260.1	GRAS2	BZR2	FALSE	pos
Mp7g12630.1	Mp1g24520.1	GRAS2	4R-MYB1	FALSE	pos
Mp7g12630.1	Mp2g20790.1	GRAS2	DOF1	FALSE	opposite
Mp7g12630.1	Mp3g00360.1	GRAS2	1R-MYB2	FALSE	pos
Mp7g12630.1	Mp3g10830.1	GRAS2	TRIHELIX15	FALSE	opposite
Mp7g12630.1	Mp3g25200.1	GRAS2	BHLH41	FALSE	opposite
Mp7g12630.1	Mp4g02060.1	GRAS2	HD15	FALSE	pos
Mp7g12630.1	Mp4g07330.1	GRAS2	GARP4	FALSE	pos
Mp7g12630.1	Mp4g20600.1	GRAS2	RRB	FALSE	opposite
Mp7g12630.1	Mp5g21080.1	GRAS2	ASLBD7	FALSE	opposite
Mp7g12630.1	Mp6g05720.1	GRAS2	Mp6g05720.1	FALSE	pos
Mp7g12630.1	Mp6g17420.1	GRAS2	TRIHELIX37	FALSE	pos
Mp7g12630.1	Mp7g03700.1	GRAS2	B3-5	FALSE	pos
Mp7g12630.1	Mp7g09490.1	GRAS2	TCP1	FALSE	opposite
Mp7g13760.1	Mp5g08310.1	ERF2	ABI3A/B3-6	FALSE	opposite
Mp7g16300.1	Mp4g02620.1	R2R3-MYB18	ASLBD9	FALSE	pos
Mp7g16300.1	Mp4g21300.1	R2R3-MYB18	1R-MYB17	FALSE	opposite
Mp7g16300.1	Mp5g09660.1	R2R3-MYB18	Mp5g09660.1	FALSE	opposite
Mp7g17200.1	Mp2g07170.1	WRKY9	BZIP4	FALSE	opposite
Mp7g17200.1	Mp2g23600.1	WRKY9	ABI5A/BZIP11	FALSE	opposite
Mp7g17200.1	Mp5g14610.1	WRKY9	R2R3-MYB9	FALSE	pos
Mp7g18530.1	Mp1g13260.1	Mp7g18530.1	BZR2	FALSE	pos
Mp7g18530.1	Mp2g20790.1	Mp7g18530.1	DOF1	FALSE	opposite
Mp7g18530.1	Mp2g24110.1	Mp7g18530.1	C2H2-10	FALSE	pos
Mp7g18530.1	Mp2g25260.1	Mp7g18530.1	CCAAT-NFYC3	FALSE	opposite
Mp7g18530.1	Mp3g02830.1	Mp7g18530.1	R2R3-MYB4	FALSE	pos
Mp7g18530.1	Mp3g04030.1	Mp7g18530.1	Mp3g04030.1	FALSE	neg
Mp7g18530.1	Mp3g21490.1	Mp7g18530.1	C2H2-14	FALSE	opposite
Mp7g18530.1	Mp4g07330.1	Mp7g18530.1	GARP4	FALSE	pos
Mp7g18530.1	Mp4g08690.1	Mp7g18530.1	Mp4g08690.1	FALSE	pos
Mp7g18530.1	Mp4g11760.1	Mp7g18530.1	MADS2	FALSE	neg
Mp7g18530.1	Mp4g20600.1	Mp7g18530.1	RRB	FALSE	opposite
Mp7g18530.1	Mp4g21790.1	Mp7g18530.1	R2R3-MYB20	FALSE	pos
Mp7g18530.1	Mp5g08810.1	Mp7g18530.1	TRIHELIX23	FALSE	pos
Mp7g18530.1	Mp5g21080.1	Mp7g18530.1	ASLBD7	FALSE	opposite
Mp7g18530.1	Mp6g04880.1	Mp7g18530.1	ERF7	FALSE	opposite
Mp7g18530.1	Mp6g17420.1	Mp7g18530.1	TRIHELIX37	FALSE	pos
Mp7g18530.1	Mp6g18860.1	Mp7g18530.1	CXC2	FALSE	opposite
Mp7g18530.1	Mp7g03700.1	Mp7g18530.1	B3-5	FALSE	pos
Mp7g18530.1	Mp7g09490.1	Mp7g18530.1	TCP1	FALSE	opposite
Mp7g18530.1	Mp7g12630.1	Mp7g18530.1	GRAS2	FALSE	pos
Mp8g01190.1	Mp1g01010.1	BBX4	HD9	FALSE	opposite
Mp8g01190.1	Mp2g11220.1	BBX4	1R-MYB9	FALSE	opposite
Mp8g03980.1	Mp1g04480.1	GRAS10	HD1	FALSE	pos
Mp8g03980.1	Mp1g08890.1	GRAS10	WRKY5	FALSE	opposite
Mp8g03980.1	Mp2g10620.1	GRAS10	Mp2g10620.1	FALSE	pos
Mp8g03980.1	Mp2g20790.1	GRAS10	DOF1	FALSE	pos
Mp8g03980.1	Mp2g24110.1	GRAS10	C2H2-10	FALSE	opposite
Mp8g03980.1	Mp3g00010.1	GRAS10	WRKY1	FALSE	pos
Mp8g03980.1	Mp3g02830.1	GRAS10	R2R3-MYB4	FALSE	opposite
Mp8g03980.1	Mp3g04970.1	GRAS10	GARP1	FALSE	pos
Mp8g03980.1	Mp3g19510.2	GRAS10	SRS (1) [.2]	FALSE	pos
Mp8g03980.1	Mp4g07330.1	GRAS10	GARP4	FALSE	opposite
Mp8g03980.1	Mp4g11760.1	GRAS10	MADS2	FALSE	opposite
Mp8g03980.1	Mp5g20530.1	GRAS10	IDDL3	FALSE	opposite
Mp8g03980.1	Mp6g17420.1	GRAS10	TRIHELIX37	FALSE	opposite
Mp8g03980.1	Mp7g03700.1	GRAS10	B3-5	FALSE	opposite
Mp8g03980.1	Mp7g09490.1	GRAS10	TCP1	FALSE	pos
Mp8g03980.1	Mp7g12630.1	GRAS10	GRAS2	FALSE	opposite
Mp8g07390.1	Mp1g12750.1	BZR1	ARF1	FALSE	pos
Mp8g07390.1	Mp1g24950.1	BZR1	WRKY11	FALSE	pos
Mp8g07390.1	Mp2g10620.1	BZR1	Mp2g10620.1	FALSE	pos
Mp8g07390.1	Mp2g22250.1	BZR1	AP2B3-1	FALSE	pos
Mp8g07390.1	Mp4g01540.1	BZR1	BHLH10	FALSE	pos
Mp8g07390.1	Mp4g08700.1	BZR1	GARP2	FALSE	pos
Mp8g07390.1	Mp4g11820.1	BZR1	ARF2	FALSE	pos
Mp8g08100.1	Mp2g02280.1	TRIHELIX33	TRIHELIX30	FALSE	pos
Mp8g08100.1	Mp2g07170.1	TRIHELIX33	BZIP4	TRUE	opposite
Mp8g08100.1	Mp2g23600.1	TRIHELIX33	ABI5A/BZIP11	TRUE	opposite
Mp8g08100.1	Mp5g14610.1	TRIHELIX33	R2R3-MYB9	TRUE	pos
Mp8g08100.1	Mp5g20530.1	TRIHELIX33	IDDL3	FALSE	opposite
Mp8g08100.1	Mp6g05720.1	TRIHELIX33	Mp6g05720.1	TRUE	opposite
Mp8g08100.1	Mp7g03150.1	TRIHELIX33	CAMTA	TRUE	pos
Mp8g08100.1	Mp7g09490.1	TRIHELIX33	TCP1	FALSE	pos
Mp8g08100.1	Mp7g17200.1	TRIHELIX33	WRKY9	FALSE	pos
Mp8g08190.1	Mp1g13260.1	HD13	BZR2	FALSE	neg
Mp8g08190.1	Mp2g24110.1	HD13	C2H2-10	FALSE	neg
Mp8g08190.1	Mp2g25260.1	HD13	CCAAT-NFYC3	FALSE	opposite
Mp8g08190.1	Mp3g04030.1	HD13	Mp3g04030.1	FALSE	pos
Mp8g08190.1	Mp4g02620.1	HD13	ASLBD9	FALSE	opposite
Mp8g08190.1	Mp4g07330.1	HD13	GARP4	FALSE	neg
Mp8g08190.1	Mp4g11760.1	HD13	MADS2	FALSE	pos
Mp8g08190.1	Mp5g13060.1	HD13	R2R3-MYB19	FALSE	opposite
Mp8g08190.1	Mp5g20530.1	HD13	IDDL3	FALSE	neg
Mp8g08190.1	Mp6g08290.1	HD13	ASLBD8	FALSE	opposite
Mp8g08190.1	Mp6g17420.1	HD13	TRIHELIX37	FALSE	neg
Mp8g08190.1	Mp7g00650.1	HD13	ASLBD5	FALSE	opposite
Mp8g08190.1	Mp7g09490.1	HD13	TCP1	FALSE	opposite
Mp8g09250.1	Mp3g21490.1	ASLBD17	C2H2-14	FALSE	pos
Mp8g09250.1	Mp6g18480.1	ASLBD17	BHLH15	FALSE	pos
Mp8g10640.1	Mp1g19590.1	WRKY2	TCP2	FALSE	pos
Mp8g10640.1	Mp2g02280.1	WRKY2	TRIHELIX30	TRUE	pos
Mp8g10640.1	Mp2g25840.1	WRKY2	Mp2g25840.1	FALSE	pos
Mp8g10640.1	Mp7g07550.1	WRKY2	IDDL4	FALSE	pos
Mp8g11450.1	Mp1g09500.1	AP2L1	IDDL6	FALSE	pos
Mp8g11450.1	Mp3g23170.1	AP2L1	R2R3-MYB8	FALSE	pos
Mp8g11450.1	Mp4g01540.1	AP2L1	BHLH10	FALSE	pos
Mp8g11450.1	Mp4g08700.1	AP2L1	GARP2	FALSE	pos
Mp8g11450.1	Mp8g07390.1	AP2L1	BZR1	FALSE	pos
Mp8g11850.1	Mp1g19590.1	Mp8g11850.1	TCP2	FALSE	pos
Mp8g11850.1	Mp2g02280.1	Mp8g11850.1	TRIHELIX30	FALSE	pos
Mp8g11850.1	Mp7g03490.1	Mp8g11850.1	GATA4	TRUE	pos
Mp8g11850.1	Mp7g07550.1	Mp8g11850.1	IDDL4	FALSE	pos
Mp8g11850.1	Mp7g09740.1	Mp8g11850.1	GARP8	TRUE	pos
Mp8g11850.1	Mp8g10640.1	Mp8g11850.1	WRKY2	FALSE	pos
Mp8g12510.1	Mp8g01190.1	IDDL5	BBX4	FALSE	pos
Mp8g13470.1	Mp1g11660.1	BBX5	HD6	FALSE	opposite
Mp8g13470.1	Mp2g07170.1	BBX5	BZIP4	FALSE	opposite
Mp8g13470.1	Mp2g13330.1	BBX5	BZIP8	FALSE	opposite
Mp8g13470.1	Mp2g20790.1	BBX5	DOF1	FALSE	pos
Mp8g13470.1	Mp2g23600.1	BBX5	ABI5A/BZIP11	FALSE	opposite
Mp8g13470.1	Mp2g25260.1	BBX5	CCAAT-NFYC3	FALSE	neg
Mp8g13470.1	Mp3g02830.1	BBX5	R2R3-MYB4	FALSE	opposite
Mp8g13470.1	Mp3g25200.1	BBX5	BHLH41	FALSE	pos
Mp8g13470.1	Mp4g20600.1	BBX5	RRB	FALSE	pos
Mp8g13470.1	Mp5g14610.1	BBX5	R2R3-MYB9	FALSE	pos
Mp8g13470.1	Mp5g20530.1	BBX5	IDDL3	FALSE	opposite
Mp8g13470.1	Mp6g05720.1	BBX5	Mp6g05720.1	FALSE	opposite
Mp8g13470.1	Mp6g08290.1	BBX5	ASLBD8	FALSE	neg
Mp8g13470.1	Mp6g15470.1	BBX5	TRIHELIX20	FALSE	opposite
Mp8g13470.1	Mp6g18480.1	BBX5	BHLH15	FALSE	pos
Mp8g13470.1	Mp7g03150.1	BBX5	CAMTA	FALSE	pos
Mp8g13470.1	Mp7g09490.1	BBX5	TCP1	FALSE	pos
Mp8g13470.1	Mp7g18530.1	BBX5	Mp7g18530.1	FALSE	opposite
Mp8g13470.1	Mp8g08100.1	BBX5	TRIHELIX33	FALSE	pos
Mp8g13470.1	Mp8g09250.1	BBX5	ASLBD17	FALSE	pos
Mp8g14220.1	Mp1g04480.1	Mp8g14220.1	HD1	FALSE	neg
Mp8g14220.1	Mp1g05630.1	Mp8g14220.1	Mp1g05630.1	FALSE	opposite
Mp8g14220.1	Mp1g24950.1	Mp8g14220.1	WRKY11	FALSE	neg
Mp8g14220.1	Mp2g10620.1	Mp8g14220.1	Mp2g10620.1	FALSE	neg
Mp8g14220.1	Mp2g20790.1	Mp8g14220.1	DOF1	FALSE	neg
Mp8g14220.1	Mp2g24110.1	Mp8g14220.1	C2H2-10	FALSE	opposite
Mp8g14220.1	Mp3g00010.1	Mp8g14220.1	WRKY1	FALSE	neg
Mp8g14220.1	Mp3g04030.1	Mp8g14220.1	Mp3g04030.1	FALSE	opposite
Mp8g14220.1	Mp3g19510.2	Mp8g14220.1	SRS (1) [.2]	FALSE	neg
Mp8g14220.1	Mp4g02620.1	Mp8g14220.1	ASLBD9	FALSE	pos
Mp8g14220.1	Mp4g07330.1	Mp8g14220.1	GARP4	FALSE	opposite
Mp8g14220.1	Mp4g21300.1	Mp8g14220.1	1R-MYB17	FALSE	opposite
Mp8g14220.1	Mp5g08810.1	Mp8g14220.1	TRIHELIX23	FALSE	opposite
Mp8g14220.1	Mp5g09660.1	Mp8g14220.1	Mp5g09660.1	FALSE	opposite
Mp8g14220.1	Mp5g13060.1	Mp8g14220.1	R2R3-MYB19	FALSE	pos
Mp8g14220.1	Mp6g04880.1	Mp8g14220.1	ERF7	FALSE	neg
Mp8g14220.1	Mp6g17420.1	Mp8g14220.1	TRIHELIX37	FALSE	opposite
Mp8g14220.1	Mp7g00650.1	Mp8g14220.1	ASLBD5	FALSE	pos
Mp8g14220.1	Mp7g09490.1	Mp8g14220.1	TCP1	FALSE	neg
Mp8g14220.1	Mp7g18530.1	Mp8g14220.1	Mp7g18530.1	FALSE	opposite
Mp8g14220.1	Mp8g03980.1	Mp8g14220.1	GRAS10	FALSE	neg
Mp8g16900.1	Mp1g03950.1	GRF	GATA2	FALSE	pos
Mp8g16900.1	Mp1g13260.1	GRF	BZR2	FALSE	opposite
Mp8g16900.1	Mp2g11080.1	GRF	ERF4	FALSE	opposite
Mp8g16900.1	Mp2g20790.1	GRF	DOF1	FALSE	pos
Mp8g16900.1	Mp2g24110.1	GRF	C2H2-10	FALSE	opposite
Mp8g16900.1	Mp3g00360.1	GRF	1R-MYB2	FALSE	opposite
Mp8g16900.1	Mp3g04030.1	GRF	Mp3g04030.1	FALSE	opposite
Mp8g16900.1	Mp3g10830.1	GRF	TRIHELIX15	FALSE	pos
Mp8g16900.1	Mp4g07330.1	GRF	GARP4	FALSE	opposite
Mp8g16900.1	Mp4g20600.1	GRF	RRB	FALSE	pos
Mp8g16900.1	Mp4g21790.1	GRF	R2R3-MYB20	FALSE	opposite
Mp8g16900.1	Mp5g08810.1	GRF	TRIHELIX23	FALSE	opposite
Mp8g16900.1	Mp5g20530.1	GRF	IDDL3	FALSE	opposite
Mp8g16900.1	Mp5g20660.1	GRF	GRAS6	FALSE	pos
Mp8g16900.1	Mp6g05720.1	GRF	Mp6g05720.1	FALSE	opposite
Mp8g16900.1	Mp6g08290.1	GRF	ASLBD8	FALSE	neg
Mp8g16900.1	Mp6g15470.1	GRF	TRIHELIX20	FALSE	opposite
Mp8g16900.1	Mp6g17420.1	GRF	TRIHELIX37	FALSE	opposite
Mp8g16900.1	Mp6g18860.1	GRF	CXC2	FALSE	pos
Mp8g16900.1	Mp7g03700.1	GRF	B3-5	FALSE	opposite
Mp8g16900.1	Mp7g09490.1	GRF	TCP1	FALSE	pos
Mp8g16900.1	Mp7g12630.1	GRF	GRAS2	FALSE	opposite
Mp8g16900.1	Mp7g18530.1	GRF	Mp7g18530.1	FALSE	opposite
Mp8g16900.1	Mp8g14220.1	GRF	Mp8g14220.1	FALSE	neg
MpVg00300.1	Mp1g19590.1	GATA6	TCP2	TRUE	opposite
MpVg00300.1	Mp2g22250.1	GATA6	AP2B3-1	TRUE	neg
MpVg00300.1	Mp2g25840.1	GATA6	Mp2g25840.1	TRUE	opposite
MpVg00300.1	Mp7g09740.1	GATA6	GARP8	TRUE	opposite
MpVg00300.1	Mp7g11330.1	GATA6	GARP5	TRUE	opposite
MpVg00300.1	Mp8g10640.1	GATA6	WRKY2	TRUE	opposite
MpVg00350.1	Mp1g11660.1	MpVg00350.1	HD6	TRUE	opposite
MpVg00350.1	Mp2g25260.1	MpVg00350.1	CCAAT-NFYC3	FALSE	pos
MpVg00350.1	Mp3g02830.1	MpVg00350.1	R2R3-MYB4	TRUE	opposite
MpVg00350.1	Mp4g11760.1	MpVg00350.1	MADS2	TRUE	opposite
MpVg00350.1	Mp4g15170.1	MpVg00350.1	GARP6	TRUE	neg
MpVg00350.1	Mp5g14610.1	MpVg00350.1	R2R3-MYB9	TRUE	neg
MpVg00350.1	Mp5g20530.1	MpVg00350.1	IDDL3	TRUE	opposite
MpVg00350.1	Mp6g05720.1	MpVg00350.1	Mp6g05720.1	TRUE	opposite
MpVg00350.1	Mp6g15470.1	MpVg00350.1	TRIHELIX20	TRUE	opposite
MpVg00470.1	Mp1g24950.1	HSF3	WRKY11	TRUE	neg
MpVg00470.1	Mp4g21300.1	HSF3	1R-MYB17	TRUE	opposite
MpVg00470.1	Mp5g09660.1	HSF3	Mp5g09660.1	FALSE	opposite
MpVg00470.1	Mp7g16300.1	HSF3	R2R3-MYB18	FALSE	pos
MpVg00470.1	Mp8g07390.1	HSF3	BZR1	FALSE	neg
Mpzg01410.1	Mp1g03950.1	BHLH43	GATA2	FALSE	pos
Mpzg01410.1	Mp1g24950.1	BHLH43	WRKY11	FALSE	pos
Mpzg01410.1	Mp2g03850.1	BHLH43	GRAS4	FALSE	pos
Mpzg01410.1	Mp3g00010.1	BHLH43	WRKY1	FALSE	pos
Mpzg01410.1	Mp3g21490.1	BHLH43	C2H2-14	FALSE	pos
Mpzg01410.1	Mp4g08690.1	BHLH43	Mp4g08690.1	FALSE	opposite
Mpzg01410.1	Mp5g08810.1	BHLH43	TRIHELIX23	FALSE	opposite
